insert into music_genres (id_genre, name_of_genre) values
(1,'Alternative'),
(2,'Metal'),
(3,'Indie'),
(4,'DNB'),
(5,'Electronic');

insert into artist (id_artist, name_of_artist) values
(1,'Linkin Park'),
(2,'The Kooks'),
(3,'Daft Punk'),
(4,'Trivium'),
(5,'Bring Me The Horizon'),
(6,'Subfocus'),
(7,'The Prodigy'),
(8,'Noisia');

insert into artist_genre (id_artist, id_genre) values
(1, 1),
(2, 3),
(3, 5),
(4, 2),
(5, 1),
(5, 2),
(6, 4),
(7, 5),
(8, 4);

insert into albums (id_album, name_of_album, release_date) values
(1,'Meteora', 2003),
(2,'Konk', 2008),
(3,'Random Access Memories', 2013),
(4,'In Waves', 2011),
(5,'Amo', 2019),
(6,'Torus', 2013),
(7,'The Day Is My Enemy', 2015),
(8,'Outer Edges', 2016);

insert into artists_album values
(1, 1),
(2, 2),
(3, 3),
(4, 4),
(5, 5),
(6, 6),
(7, 7),
(8, 8);

insert into tracklist (name_of_track, duration, id_album) values
('Foreword', 13, 1),
('Dont Stay', 187, 1),
('Somewhere I Belong', 213, 1),
('Lying from You', 175, 1),
('Hit the Floor', 164, 1),
('Easier to Run', 204, 1),
('Faint', 164, 1),
('Fie', 197, 1),
('Breaking the Habit', 196, 1),
('From the Inside', 173, 1),
('Nobodys Listening', 178, 1),
('Session_', 143, 1),
('Numb', 183, 1);

insert into tracklist (name_of_track, duration, id_album) values
('See The Sun', 216, 2),
('Always Where I Need to Be', 161, 2),
('Mr. Maker', 180, 2),
('Do You Wanna', 243, 2),
('Gap', 239, 2),
('Stormy Weather', 241, 2),
('Sway', 216, 2),
('Shine On', 194, 2),
('Down To The Market', 146, 2),
('One Last Time', 158, 2),
('Tick Of Time', 207, 2),
('All Over Town', 193, 2);

insert into tracklist (name_of_track, duration, id_album) values
('Give Life Back to Music', 275, 3),
('The Game of Love', 322, 3),
('Giorgio by Moroder', 228, 3),
('Within', 360, 3),
('Instant Crush', 337, 3),
('Lose Yourself to Dance', 353, 3),
('Touch', 498, 3),
('Get Lucky', 489, 3),
('Beyond', 290, 3),
('Motherboard', 341, 3),
('Fragments of Time', 279, 3),
('Doin it Right', 251, 3),
('Contact', 263, 3);

insert into tracklist (name_of_track, duration, id_album) values
('Capsizing the Sea', 90, 4),
('In Waves', 302, 4),
('Inception of the End', 228, 4),
('Dusk Dismantled', 228, 4),
('Watch the World Burn', 298, 4),
('Black', 207, 4),
('A Skylines Severance', 292, 4),
('Built to Fall', 188, 4),
('Caustic Are', 334, 4),
('Forsake Not the Dream', 320, 4),
('Chaos Reigns', 247, 4),
('Of All These Yesterdays', 264, 4),
('Leaving This World Behind', 92, 4);

insert into tracklist (name_of_track, duration, id_album) values
('i apologise', 139, 5),
('MANTRA', 233, 5),
('nihilist blues', 325, 5),
('in the dark', 271, 5),
('wonderful life', 274, 5),
('ouch', 108, 5),
('medicine', 227, 5),
('sugar honey ice & tea', 261, 5),
('why you gotta', 268, 5),
('fresh bruises', 198, 5),
('mother tongue', 217, 5),
('heavy metal', 240, 5),
('i dont know what to say', 352, 5);

insert into tracklist (name_of_track, duration, id_album) values
('Torus', 350, 6),
('Safe In Sound', 279, 6),
('Endorphins', 246, 6),
('Out The Blue', 277, 6),
('Twilight', 188, 6),
('Close', 309, 6),
('Turn It Around', 193, 6),
('Out Of Reach', 243, 6),
('Falling Down', 309, 6),
('Turn Back Time', 307, 6),
('You Make It Better', 358, 6),
('Tidal Wave', 226, 6),
('Until The End', 243, 6);

insert into tracklist (name_of_track, duration, id_album) values
('The Day Is My Enemy', 265, 7),
('Nasty', 243, 7),
('Rebel Radio', 232, 7),
('Ibiza', 165, 7),
('Destroy',  268, 7),
('Wild Frontier', 268, 7),
('Rok-Weiler', 230, 7),
('Beyond the Deathray', 188, 7),
('Rhythm Bomb', 252, 7),
('Roadblox', 300, 7),
('Get Your Fight On', 218, 7),
('Medicine', 236, 7),
('Invisible Sun', 256, 7),
('Wall of Death', 252, 7);

insert into tracklist (id_track, duration, id_album) values
('TheApproach', 89, 8),
('Anomaly', 243, 8),
('Collider', 286, 8),
('Vigilantes', 167, 8),
('Tentacles', 191, 8),
('Voodoo', 195, 8),
('Mantra', 228, 8),
('Surfaceless', 99, 8),
('Straight Hook', 203, 8),
('Stonewalled', 218, 8),
('Motion Blur', 203, 8),
('The Entangled', 195, 8),
('Exavolt', 181, 8),
('Into Dust', 259, 8),
('Miniatures', 173, 8),
('Sinkhole', 209, 8),
('Get Deaded', 237, 8),
('The Approach (Reprise)', 119, 8);

insert into collection (id_collection, name_of_collection, release_date) values
(1,'The Alternative X', 2015),
(2,'Electronic Squad', 2016),
(3,'The Alternative X - 2', 2017),
(4,'The Alternative X - 3', 2018),
(5,'Metal Power', 2018),
(6,'Neurofunk Vibes', 2019),
(7,'The Greatest Hits of Indie', 2019),
(8,'Greatest Hits', 2020);

insert into tracks_in_collections (id_track, id_collection) values
(1, 1),
(8, 1),
(46, 1),
(23, 1),
(48, 1),
(60, 1),
(2, 1),
(3, 2),
(9, 2),
(39, 2),
(20, 2),
(29, 2),
(49, 2),
(61, 2),
(4, 2),
(5, 3),
(10, 3),
(40, 3),
(21, 3),
(30, 3),
(50, 3),
(62, 3),
(5, 3),
(6, 4),
(11, 4),
(41, 4),
(22, 4),
(31, 4),
(53, 4),
(63, 4),
(7, 4),
(34, 5),
(36, 5),
(58, 5),
(61, 5),
(9, 5),
(26, 5),
(49, 5),
(68, 5),
(12, 6),
(16, 6),
(29, 6),
(38, 6),
(51, 6),
(56, 6),
(66, 6),
(68, 6),
(61, 6),
(1, 7),
(12, 7),
(17, 7),
(19, 7),
(33, 7),
(42, 7),
(50, 7),
(69, 7),
(2, 8),
(3, 8),
(8, 8),
(16, 8),
(23, 8),
(33, 8),
(38, 8),
(44, 8);